{"cameraMode":{"drawMode":0,"name":"Shaded","section":"Shading Mode"},"sceneLighting":true,"audioPlay":false,"sceneViewState":{"showFog":false,"showMaterialUpdate":false,"showSkybox":false,"showFlares":false,"showImageEffects":false,"showParticleSystems":false},"in2DMode":false,"pivot":{"x":-6.7646636962890629,"y":-4.644206523895264,"z":93.29877471923828},"rotation":{"x":-0.003315915819257498,"y":0.9955481886863709,"z":-0.08561955392360687,"w":-0.043463096022605899},"size":18.849037170410158,"orthographic":false}