{"cameraMode":{"drawMode":0,"name":"Shaded","section":"Shading Mode"},"sceneLighting":true,"audioPlay":false,"sceneViewState":{"showFog":true,"showMaterialUpdate":true,"showSkybox":true,"showFlares":true,"showImageEffects":true,"showParticleSystems":true},"in2DMode":false,"pivot":{"x":-2.346484661102295,"y":19.032711029052736,"z":164.46144104003907},"rotation":{"x":-0.24407091736793519,"y":-0.1007922813296318,"z":-0.024249672889709474,"w":0.965427577495575},"size":17.619176864624025,"orthographic":false}