{"cameraMode":{"drawMode":0,"name":"Shaded","section":"Shading Mode"},"sceneLighting":true,"audioPlay":false,"sceneViewState":{"showFog":true,"showMaterialUpdate":true,"showSkybox":false,"showFlares":true,"showImageEffects":true,"showParticleSystems":true},"in2DMode":false,"pivot":{"x":0.5449111461639404,"y":0.04117386415600777,"z":1.0370811223983765},"rotation":{"x":-0.04590417817234993,"y":0.9526205062866211,"z":-0.1945566087961197,"w":-0.23445747792720796},"size":0.7379374504089356,"orthographic":false}