{"cameraMode":{"drawMode":0,"name":"Shaded","section":"Shading Mode"},"sceneLighting":true,"audioPlay":false,"sceneViewState":{"showFog":true,"showMaterialUpdate":true,"showSkybox":true,"showFlares":true,"showImageEffects":true,"showParticleSystems":true},"in2DMode":false,"pivot":{"x":2.3007407188415529,"y":5.093155860900879,"z":150.86123657226563},"rotation":{"x":-0.061419881880283359,"y":0.0535137839615345,"z":-0.003792121773585677,"w":-0.9978255033493042},"size":8.441381454467774,"orthographic":false}