{"cameraMode":{"drawMode":0,"name":"Shaded","section":"Shading Mode"},"sceneLighting":false,"audioPlay":false,"sceneViewState":{"showFog":true,"showMaterialUpdate":false,"showSkybox":false,"showFlares":true,"showImageEffects":true,"showParticleSystems":true},"in2DMode":false,"pivot":{"x":7.365997791290283,"y":1.4881746768951417,"z":59.50107192993164},"rotation":{"x":0.09727717936038971,"y":0.07778920233249664,"z":-0.005991514306515455,"w":0.9931844472885132},"size":2.0122010707855226,"orthographic":false}