{"cameraMode":{"drawMode":0,"name":"Shaded","section":"Shading Mode"},"sceneLighting":true,"audioPlay":false,"sceneViewState":{"showFog":true,"showMaterialUpdate":false,"showSkybox":false,"showFlares":true,"showImageEffects":true,"showParticleSystems":true},"in2DMode":false,"pivot":{"x":94.39506530761719,"y":-64.32687377929688,"z":-43.86952209472656},"rotation":{"x":-0.14626801013946534,"y":-0.8163366317749023,"z":0.2353232353925705,"w":-0.5084463357925415},"size":78.64740753173828,"orthographic":false}