{"cameraMode":{"drawMode":0,"name":"Shaded","section":"Shading Mode"},"sceneLighting":false,"audioPlay":false,"sceneViewState":{"showFog":true,"showMaterialUpdate":false,"showSkybox":false,"showFlares":true,"showImageEffects":true,"showParticleSystems":true},"in2DMode":false,"pivot":{"x":-17.03313446044922,"y":4.76566219329834,"z":-108.78631591796875},"rotation":{"x":-0.073001429438591,"y":-0.39250448346138,"z":0.03126931190490723,"w":-0.9163191318511963},"size":16.492422103881837,"orthographic":false}