{"cameraMode":{"drawMode":0,"name":"Shaded","section":"Shading Mode"},"sceneLighting":true,"audioPlay":false,"sceneViewState":{"showFog":true,"showMaterialUpdate":true,"showSkybox":false,"showFlares":true,"showImageEffects":true,"showParticleSystems":true},"in2DMode":false,"pivot":{"x":-0.0020900070667266847,"y":-0.00038999319076538086,"z":1.0887250900268555},"rotation":{"x":-0.02261430397629738,"y":0.9712867736816406,"z":-0.21487067639827729,"w":-0.11106868833303452},"size":0.7379374504089356,"orthographic":false}