{"cameraMode":{"drawMode":0,"name":"Shaded","section":"Shading Mode"},"sceneLighting":true,"audioPlay":false,"sceneViewState":{"showFog":true,"showMaterialUpdate":true,"showSkybox":true,"showFlares":true,"showImageEffects":true,"showParticleSystems":true},"in2DMode":false,"pivot":{"x":-0.08898687362670899,"y":0.06570452451705933,"z":149.17938232421876},"rotation":{"x":-0.06743764877319336,"y":0.03374428674578667,"z":-0.00392492488026619,"w":-0.9983723759651184},"size":12.19107437133789,"orthographic":false}