{"cameraMode":{"drawMode":0,"name":"Shaded","section":"Shading Mode"},"sceneLighting":true,"audioPlay":false,"sceneViewState":{"showFog":true,"showMaterialUpdate":false,"showSkybox":false,"showFlares":true,"showImageEffects":true,"showParticleSystems":true},"in2DMode":false,"pivot":{"x":628.30224609375,"y":401.72076416015627,"z":-517.501220703125},"rotation":{"x":0.09710260480642319,"y":-0.825127363204956,"z":0.15062165260314942,"w":0.537518322467804},"size":649.5778198242188,"orthographic":false}