{"cameraMode":{"drawMode":0,"name":"Shaded","section":"Shading Mode"},"sceneLighting":false,"audioPlay":false,"sceneViewState":{"showFog":true,"showMaterialUpdate":false,"showSkybox":false,"showFlares":true,"showImageEffects":true,"showParticleSystems":true},"in2DMode":false,"pivot":{"x":-1.340002417564392,"y":-1.0393548011779786,"z":1.6159820556640626},"rotation":{"x":-0.13468745350837708,"y":-0.054262425750494,"z":0.004324368201196194,"w":-0.9903450012207031},"size":2.872281312942505,"orthographic":false}