{"cameraMode":{"drawMode":0,"name":"Shaded","section":"Shading Mode"},"sceneLighting":false,"audioPlay":false,"sceneViewState":{"showFog":false,"showMaterialUpdate":false,"showSkybox":false,"showFlares":false,"showImageEffects":false,"showParticleSystems":false},"in2DMode":false,"pivot":{"x":0.051983028650283816,"y":0.7946188449859619,"z":-0.013913869857788086},"rotation":{"x":-0.008838723413646222,"y":0.9891601800918579,"z":-0.07016841322183609,"w":-0.12963010370731355},"size":0.9055384993553162,"orthographic":false}