{"cameraMode":{"drawMode":0,"name":"Shaded","section":"Shading Mode"},"sceneLighting":true,"audioPlay":false,"sceneViewState":{"showFog":true,"showMaterialUpdate":true,"showSkybox":true,"showFlares":true,"showImageEffects":true,"showParticleSystems":true},"in2DMode":false,"pivot":{"x":38.64739227294922,"y":-39.74986267089844,"z":261.2917785644531},"rotation":{"x":-0.15985381603240968,"y":-0.1437547206878662,"z":0.023452473804354669,"w":-0.9763490557670593},"size":73.96391296386719,"orthographic":false}