{"cameraMode":{"drawMode":0,"name":"Shaded","section":"Shading Mode"},"sceneLighting":false,"audioPlay":false,"sceneViewState":{"showFog":true,"showMaterialUpdate":false,"showSkybox":false,"showFlares":true,"showImageEffects":true,"showParticleSystems":true},"in2DMode":false,"pivot":{"x":6.897843837738037,"y":1.4925376176834107,"z":59.39104080200195},"rotation":{"x":0.08970202505588532,"y":-0.17830434441566468,"z":0.017965812236070634,"w":0.9807155728340149},"size":2.0122010707855226,"orthographic":false}