{"cameraMode":{"drawMode":0,"name":"Shaded","section":"Shading Mode"},"sceneLighting":true,"audioPlay":false,"sceneViewState":{"showFog":false,"showMaterialUpdate":false,"showSkybox":false,"showFlares":false,"showImageEffects":false,"showParticleSystems":false},"in2DMode":false,"pivot":{"x":37.641170501708987,"y":3.0577306747436525,"z":-32.81526184082031},"rotation":{"x":-0.00036902958527207375,"y":0.9917721748352051,"z":0.005728358402848244,"w":0.12887483835220338},"size":68.80620574951172,"orthographic":false}